id,code,decor,structure,name,url,category,sellUnit,label,length,width,description,isNew,thickness,side,producer,additional_info,price_600_m_1,price_700_m_1,price_800_m_1,price_900_m_1,price_1200_m_1,price_600_m_2,price_700_m_2,price_800_m_2,price_900_m_2,price_1200_m_2,url + code
recnWyJogiyOWCe2K,J_1008_GR_3050_4200_38,1008,GR,CIEMNO SZARY,https://qr-codes-page.vercel.app/product/recnWyJogiyOWCe2K,Blat,"600: możliwość kupna połowy blatu.
Pozostałe wartianty sprzedawane w całości.",J,3050; 4200,600; 700; 800; 900; 1200,"Blat postforming,  jednostronnie lub dwustronnie zaoblony",,38,1_2,Juan,,"PLN 83,77","PLN 165,97","PLN 173,77","PLN 181,56","PLN 204,30","PLN 140,93","PLN 169,10","PLN 177,07","PLN 185,05","PLN 184,28","https://qr-codes-page.vercel.app/product/recnWyJogiyOWCe2K, J_1008_GR_3050_4200_38"
recPUvwX6eB1vxp0U,J_5018_GR_3050_4200_38,5018,GR,GRANIT,https://qr-codes-page.vercel.app/product/recPUvwX6eB1vxp0U,Blat,"600: możliwość kupna połowy blatu.
Pozostałe wartianty sprzedawane w całości.",J,3050; 4200,600; 700; 800; 900; 1200,"Blat postforming,  jednostronnie lub dwustronnie zaoblony",,38,1_2,Juan,,"PLN 83,77","PLN 165,97","PLN 173,77","PLN 181,56","PLN 204,30","PLN 140,93","PLN 169,10","PLN 177,07","PLN 185,05","PLN 184,28","https://qr-codes-page.vercel.app/product/recPUvwX6eB1vxp0U, J_5018_GR_3050_4200_38"
recT758bo4u3nnzkh,J_4019_MATT_3050_4200_38,4019,MATT,METALLICO,https://qr-codes-page.vercel.app/product/recT758bo4u3nnzkh,Blat,"600: możliwość kupna połowy blatu.
Pozostałe wartianty sprzedawane w całości.",J,3050; 4200,600; 700; 800; 900; 1200,"Blat postforming,  jednostronnie lub dwustronnie zaoblony",,38,1_2,Juan,,"PLN 83,77","PLN 165,97","PLN 173,77","PLN 181,56","PLN 204,30","PLN 140,93","PLN 169,10","PLN 177,07","PLN 185,05","PLN 184,28","https://qr-codes-page.vercel.app/product/recT758bo4u3nnzkh, J_4019_MATT_3050_4200_38"
recCveJwUnXFD4NLr,J_4821A/5092_GR_3050_4200_38,4821A/5092,GR,ASFALT SZARO-CZARNY,https://qr-codes-page.vercel.app/product/recCveJwUnXFD4NLr,Blat,"600: możliwość kupna połowy blatu.
Pozostałe wartianty sprzedawane w całości.",J,3050; 4200,600; 700; 800; 900; 1200,"Blat postforming,  jednostronnie lub dwustronnie zaoblony",,38,1_2,Juan,,"PLN 87,29","PLN 176,76","PLN 184,56","PLN 192,34","PLN 215,09","PLN 146,33","PLN 179,88","PLN 187,86","PLN 195,84","PLN 192,02","https://qr-codes-page.vercel.app/product/recCveJwUnXFD4NLr, J_4821A/5092_GR_3050_4200_38"
rec4xBkQa81mDbjr0,J_1190_GR_3050_4200_38,1190,GR,BIAŁY,https://qr-codes-page.vercel.app/product/rec4xBkQa81mDbjr0,Blat,"600: możliwość kupna połowy blatu.
Pozostałe wartianty sprzedawane w całości.",J,3050; 4200,600; 700; 800; 900; 1200,"Blat postforming,  jednostronnie lub dwustronnie zaoblony",,38,1_2,Juan,,"PLN 87,29","PLN 176,76","PLN 184,56","PLN 192,34","PLN 215,09","PLN 146,33","PLN 179,88","PLN 187,86","PLN 195,84","PLN 192,02","https://qr-codes-page.vercel.app/product/rec4xBkQa81mDbjr0, J_1190_GR_3050_4200_38"
recOGZaEtAgmhBa8o,J_1059_QUARY_3050_4200_38,1059,QUARY,BIAŁY KAMIEŃ,https://qr-codes-page.vercel.app/product/recOGZaEtAgmhBa8o,Blat,"600: możliwość kupna połowy blatu.
Pozostałe wartianty sprzedawane w całości.",J,3050; 4200,600; 700; 800; 900; 1200,"Blat postforming,  jednostronnie lub dwustronnie zaoblony",,38,1_2,Juan,,"PLN 87,29","PLN 176,76","PLN 184,56","PLN 192,34","PLN 215,09","PLN 146,33","PLN 179,88","PLN 187,86","PLN 195,84","PLN 192,02","https://qr-codes-page.vercel.app/product/recOGZaEtAgmhBa8o, J_1059_QUARY_3050_4200_38"
recTfAdsaaX84Scyo,J_3220_STR2_3050_4200_38,3220,STR2,DĄB EUREKA,https://qr-codes-page.vercel.app/product/recTfAdsaaX84Scyo,Blat,"600: możliwość kupna połowy blatu.
Pozostałe wartianty sprzedawane w całości.",J,3050; 4200,600; 700; 800; 900; 1200,"Blat postforming,  jednostronnie lub dwustronnie zaoblony",,38,1_2,Juan,,"PLN 87,29","PLN 176,76","PLN 184,56","PLN 192,34","PLN 215,09","PLN 146,33","PLN 179,88","PLN 187,86","PLN 195,84","PLN 192,02","https://qr-codes-page.vercel.app/product/recTfAdsaaX84Scyo, J_3220_STR2_3050_4200_38"
reclJ927z5vY8nmCp,J_3156_WGR2_3050_4200_38,3156,WGR2,DĄB SONOMA,https://qr-codes-page.vercel.app/product/reclJ927z5vY8nmCp,Blat,"600: możliwość kupna połowy blatu.
Pozostałe wartianty sprzedawane w całości.",J,3050; 4200,600; 700; 800; 900; 1200,"Blat postforming,  jednostronnie lub dwustronnie zaoblony",,38,1_2,Juan,,"PLN 87,29","PLN 176,76","PLN 184,56","PLN 192,34","PLN 215,09","PLN 146,33","PLN 179,88","PLN 187,86","PLN 195,84","PLN 192,02","https://qr-codes-page.vercel.app/product/reclJ927z5vY8nmCp, J_3156_WGR2_3050_4200_38"
reczDLK6RZnF9Zhg9,J_5156_SILK_3050_4200_38,5156,SILK,KAMIEŃ GREENPORT,https://qr-codes-page.vercel.app/product/reczDLK6RZnF9Zhg9,Blat,"600: możliwość kupna połowy blatu.
Pozostałe wartianty sprzedawane w całości.",J,3050; 4200,600; 700; 800; 900; 1200,"Blat postforming,  jednostronnie lub dwustronnie zaoblony",,38,1_2,Juan,,"PLN 87,29","PLN 176,76","PLN 184,56","PLN 192,34","PLN 215,09","PLN 146,33","PLN 179,88","PLN 187,86","PLN 195,84","PLN 192,02","https://qr-codes-page.vercel.app/product/reczDLK6RZnF9Zhg9, J_5156_SILK_3050_4200_38"
recEEDj9eZhRVICbW,J_3197_STR1_3050_4200_38,3197,STR1,KLEPKA DĘBOWA,https://qr-codes-page.vercel.app/product/recEEDj9eZhRVICbW,Blat,"600: możliwość kupna połowy blatu.
Pozostałe wartianty sprzedawane w całości.",J,3050; 4200,600; 700; 800; 900; 1200,"Blat postforming,  jednostronnie lub dwustronnie zaoblony",,38,1_2,Juan,,"PLN 87,29","PLN 176,76","PLN 184,56","PLN 192,34","PLN 215,09","PLN 146,33","PLN 179,88","PLN 187,86","PLN 195,84","PLN 192,02","https://qr-codes-page.vercel.app/product/recEEDj9eZhRVICbW, J_3197_STR1_3050_4200_38"
recQzaxg5Bnhpfr77,J_5056_SILK_3050_4200_38,5056,SILK,MARMUR ALESUND,https://qr-codes-page.vercel.app/product/recQzaxg5Bnhpfr77,Blat,"600: możliwość kupna połowy blatu.
Pozostałe wartianty sprzedawane w całości.",J,3050; 4200,600; 700; 800; 900; 1200,"Blat postforming,  jednostronnie lub dwustronnie zaoblony",,38,1_2,Juan,,"PLN 87,29","PLN 176,76","PLN 184,56","PLN 192,34","PLN 215,09","PLN 146,33","PLN 179,88","PLN 187,86","PLN 195,84","PLN 192,02","https://qr-codes-page.vercel.app/product/recQzaxg5Bnhpfr77, J_5056_SILK_3050_4200_38"
recPZ8Xgg3E2C5Vot,J_5094_STONE_3050_4200_38,5094,STONE,SKYFALL,https://qr-codes-page.vercel.app/product/recPZ8Xgg3E2C5Vot,Blat,"600: możliwość kupna połowy blatu.
Pozostałe wartianty sprzedawane w całości.",J,3050; 4200,600; 700; 800; 900; 1200,"Blat postforming,  jednostronnie lub dwustronnie zaoblony",,38,1_2,Juan,,"PLN 87,29","PLN 176,76","PLN 184,56","PLN 192,34","PLN 215,09","PLN 146,33","PLN 179,88","PLN 187,86","PLN 195,84","PLN 192,02","https://qr-codes-page.vercel.app/product/recPZ8Xgg3E2C5Vot, J_5094_STONE_3050_4200_38"
rec9AxxIMUcW0boNK,J_5111_STONE_3050_4200_38,5111,STONE,SUPERNATURAL,https://qr-codes-page.vercel.app/product/rec9AxxIMUcW0boNK,Blat,"600: możliwość kupna połowy blatu.
Pozostałe wartianty sprzedawane w całości.",J,3050; 4200,600; 700; 800; 900; 1200,"Blat postforming,  jednostronnie lub dwustronnie zaoblony",,38,1_2,Juan,,"PLN 87,29","PLN 176,76","PLN 184,56","PLN 192,34","PLN 215,09","PLN 146,33","PLN 179,88","PLN 187,86","PLN 195,84","PLN 192,02","https://qr-codes-page.vercel.app/product/rec9AxxIMUcW0boNK, J_5111_STONE_3050_4200_38"
reccrqxYnN0RpCfvo,J_9999_MG_3050_4200_38,9999,MG,ALHAMBRA,https://qr-codes-page.vercel.app/product/reccrqxYnN0RpCfvo,Blat,"600: możliwość kupna połowy blatu.
Pozostałe wartianty sprzedawane w całości.",J,3050; 4200,600; 700; 800; 900; 1200,"Blat postforming,  jednostronnie lub dwustronnie zaoblony",,38,1_2,Juan,,"PLN 92,09","PLN 188,11","PLN 195,89","PLN 203,68","PLN 226,42","PLN 151,99","PLN 191,22","PLN 199,20","PLN 207,18","PLN 202,65","https://qr-codes-page.vercel.app/product/reccrqxYnN0RpCfvo, J_9999_MG_3050_4200_38"
recR2DDZxU3ErOAq3,J_1049_QUARY_3050_4200_38,1049,QUARY,CZARNY KAMIEŃ,https://qr-codes-page.vercel.app/product/recR2DDZxU3ErOAq3,Blat,"600: możliwość kupna połowy blatu.
Pozostałe wartianty sprzedawane w całości.",J,3050; 4200,600; 700; 800; 900; 1200,"Blat postforming,  jednostronnie lub dwustronnie zaoblony",,38,1_2,Juan,,"PLN 92,09","PLN 188,11","PLN 195,89","PLN 203,68","PLN 226,42","PLN 151,99","PLN 191,22","PLN 199,20","PLN 207,18","PLN 202,65","https://qr-codes-page.vercel.app/product/recR2DDZxU3ErOAq3, J_1049_QUARY_3050_4200_38"
recUFPR9rPbft4p2z,J_3303_ST10_3050_4200_38,3303,ST10,DĄB ARLINGTON,https://qr-codes-page.vercel.app/product/recUFPR9rPbft4p2z,Blat,"600: możliwość kupna połowy blatu.
Pozostałe wartianty sprzedawane w całości.",J,3050; 4200,600; 700; 800; 900; 1200,"Blat postforming,  jednostronnie lub dwustronnie zaoblony",,38,1_2,Juan,,"PLN 92,09","PLN 188,11","PLN 195,89","PLN 203,68","PLN 226,42","PLN 151,99","PLN 191,22","PLN 199,20","PLN 207,18","PLN 202,65","https://qr-codes-page.vercel.app/product/recUFPR9rPbft4p2z, J_3303_ST10_3050_4200_38"
recDDruIUiIxxUdhO,J_1318_ST19_3050_4200_38,1318,ST19,DĄB ARTISAN,https://qr-codes-page.vercel.app/product/recDDruIUiIxxUdhO,Blat,"600: możliwość kupna połowy blatu.
Pozostałe wartianty sprzedawane w całości.",J,3050; 4200,600; 700; 800; 900; 1200,"Blat postforming,  jednostronnie lub dwustronnie zaoblony",,38,1_2,Juan,,"PLN 92,09","PLN 188,11","PLN 195,89","PLN 203,68","PLN 226,42","PLN 151,99","PLN 191,22","PLN 199,20","PLN 207,18","PLN 202,65","https://qr-codes-page.vercel.app/product/recDDruIUiIxxUdhO, J_1318_ST19_3050_4200_38"
recdwG0zm1FsvkMlw,J_6156_WO_3050_4200_38,6156,WO,DĄB CANYON,https://qr-codes-page.vercel.app/product/recdwG0zm1FsvkMlw,Blat,"600: możliwość kupna połowy blatu.
Pozostałe wartianty sprzedawane w całości.",J,3050; 4200,600; 700; 800; 900; 1200,"Blat postforming,  jednostronnie lub dwustronnie zaoblony",,38,1_2,Juan,,"PLN 92,09","PLN 188,11","PLN 195,89","PLN 203,68","PLN 226,42","PLN 151,99","PLN 191,22","PLN 199,20","PLN 207,18","PLN 202,65","https://qr-codes-page.vercel.app/product/recdwG0zm1FsvkMlw, J_6156_WO_3050_4200_38"
recnKBp0pnNam20x5,J_K003N_PR_3050_4200_38,K003N,PR,DĄB CRAFT,https://qr-codes-page.vercel.app/product/recnKBp0pnNam20x5,Blat,"600: możliwość kupna połowy blatu.
Pozostałe wartianty sprzedawane w całości.",J,3050; 4200,600; 700; 800; 900; 1200,"Blat postforming,  jednostronnie lub dwustronnie zaoblony",,38,1_2,Juan,,"PLN 92,09","PLN 188,11","PLN 195,89","PLN 203,68","PLN 226,42","PLN 151,99","PLN 191,22","PLN 199,20","PLN 207,18","PLN 202,65","https://qr-codes-page.vercel.app/product/recnKBp0pnNam20x5, J_K003N_PR_3050_4200_38"
recabkrmFs50CUTsx,J_2032_ST10_3050_4200_38,2032,ST10,DĄB HUNTON,https://qr-codes-page.vercel.app/product/recabkrmFs50CUTsx,Blat,"600: możliwość kupna połowy blatu.
Pozostałe wartianty sprzedawane w całości.",J,3050; 4200,600; 700; 800; 900; 1200,"Blat postforming,  jednostronnie lub dwustronnie zaoblony",,38,1_2,Juan,,"PLN 92,09","PLN 188,11","PLN 195,89","PLN 203,68","PLN 226,42","PLN 151,99","PLN 191,22","PLN 199,20","PLN 207,18","PLN 202,65","https://qr-codes-page.vercel.app/product/recabkrmFs50CUTsx, J_2032_ST10_3050_4200_38"
rechhHio3LklPRXxi,J_3332_ST10_3050_4200_38,3332,ST10,DĄB NEBRASKA SZARY,https://qr-codes-page.vercel.app/product/rechhHio3LklPRXxi,Blat,"600: możliwość kupna połowy blatu.
Pozostałe wartianty sprzedawane w całości.",J,3050; 4200,600; 700; 800; 900; 1200,"Blat postforming,  jednostronnie lub dwustronnie zaoblony",,38,1_2,Juan,,"PLN 92,09","PLN 188,11","PLN 195,89","PLN 203,68","PLN 226,42","PLN 151,99","PLN 191,22","PLN 199,20","PLN 207,18","PLN 202,65","https://qr-codes-page.vercel.app/product/rechhHio3LklPRXxi, J_3332_ST10_3050_4200_38"
recbD9L6uWfWupAgz,J_3331_ST10_3050_4200_38,3331,ST10,DĄB NEBRASKA,https://qr-codes-page.vercel.app/product/recbD9L6uWfWupAgz,Blat,"600: możliwość kupna połowy blatu.
Pozostałe wartianty sprzedawane w całości.",J,3050; 4200,600; 700; 800; 900; 1200,"Blat postforming,  jednostronnie lub dwustronnie zaoblony",,38,1_2,Juan,,"PLN 92,09","PLN 188,11","PLN 195,89","PLN 203,68","PLN 226,42","PLN 151,99","PLN 191,22","PLN 199,20","PLN 207,18","PLN 202,65","https://qr-codes-page.vercel.app/product/recbD9L6uWfWupAgz, J_3331_ST10_3050_4200_38"
recapdJ7fOxjgCZEl,J_3730_ST10_3050_4200_38,3730,ST10,HIKORA NATURALNA,https://qr-codes-page.vercel.app/product/recapdJ7fOxjgCZEl,Blat,"600: możliwość kupna połowy blatu.
Pozostałe wartianty sprzedawane w całości.",J,3050; 4200,600; 700; 800; 900; 1200,"Blat postforming,  jednostronnie lub dwustronnie zaoblony",,38,1_2,Juan,,"PLN 92,09","PLN 188,11","PLN 195,89","PLN 203,68","PLN 226,42","PLN 151,99","PLN 191,22","PLN 199,20","PLN 207,18","PLN 202,65","https://qr-codes-page.vercel.app/product/recapdJ7fOxjgCZEl, J_3730_ST10_3050_4200_38"
reczvIeMDYIUdMGUl,J_112_GR_3050_4200_38,112,GR,JASNO SZARY,https://qr-codes-page.vercel.app/product/reczvIeMDYIUdMGUl,Blat,"600: możliwość kupna połowy blatu.
Pozostałe wartianty sprzedawane w całości.",J,3050; 4200,600; 700; 800; 900; 1200,"Blat postforming,  jednostronnie lub dwustronnie zaoblony",,38,1_2,Juan,,"PLN 92,09","PLN 188,11","PLN 195,89","PLN 203,68","PLN 226,42","PLN 151,99","PLN 191,22","PLN 199,20","PLN 207,18","PLN 202,65","https://qr-codes-page.vercel.app/product/reczvIeMDYIUdMGUl, J_112_GR_3050_4200_38"
recK80FV55jr8JSOS,J_5186_MATT_3050_4200_38,5186,MATT,MARMUR BLANCHENOWOŚĆ,https://qr-codes-page.vercel.app/product/recK80FV55jr8JSOS,Blat,"600: możliwość kupna połowy blatu.
Pozostałe wartianty sprzedawane w całości.",J,3050; 4200,600; 700; 800; 900; 1200,"Blat postforming,  jednostronnie lub dwustronnie zaoblony",,38,1_2,Juan,,"PLN 92,09","PLN 188,11","PLN 195,89","PLN 203,68","PLN 226,42","PLN 151,99","PLN 191,22","PLN 199,20","PLN 207,18","PLN 202,65","https://qr-codes-page.vercel.app/product/recK80FV55jr8JSOS, J_5186_MATT_3050_4200_38"
reci7rLvqx3zJGIYM,J_5163_P_3050_38,5163,P,MARMUR BRĄZOWY,https://qr-codes-page.vercel.app/product/reci7rLvqx3zJGIYM,Blat,"600: możliwość kupna połowy blatu.
Pozostałe wartianty sprzedawane w całości.",J,3050,600; 700; 800; 900; 1200,"Blat postforming,  jednostronnie lub dwustronnie zaoblony",,38,1_2,Juan,,"PLN 92,09","PLN 188,11","PLN 195,89","PLN 203,68","PLN 226,42","PLN 151,99","PLN 191,22","PLN 199,20","PLN 207,18","PLN 202,65","https://qr-codes-page.vercel.app/product/reci7rLvqx3zJGIYM, J_5163_P_3050_38"
rec8Jdd0ih3njfLVz,J_5090 (990GR)_QUARTZ_3050_4200_38,5090 (990GR),QUARTZ,MARMUR CREAM CARRARANOWOŚĆ,https://qr-codes-page.vercel.app/product/rec8Jdd0ih3njfLVz,Blat,"600: możliwość kupna połowy blatu.
Pozostałe wartianty sprzedawane w całości.",J,3050; 4200,600; 700; 800; 900; 1200,"Blat postforming,  jednostronnie lub dwustronnie zaoblony",,38,1_2,Juan,,"PLN 92,09","PLN 188,11","PLN 195,89","PLN 203,68","PLN 226,42","PLN 151,99","PLN 191,22","PLN 199,20","PLN 207,18","PLN 202,65","https://qr-codes-page.vercel.app/product/rec8Jdd0ih3njfLVz, J_5090 (990GR)_QUARTZ_3050_4200_38"
recH6LngvlLALYg6k,J_5177_MATT_3050_4200_38,5177,MATT,MARMUR CASPIO ZŁOTYNOWOŚĆ,https://qr-codes-page.vercel.app/product/recH6LngvlLALYg6k,Blat,"600: możliwość kupna połowy blatu.
Pozostałe wartianty sprzedawane w całości.",J,3050; 4200,600; 700; 800; 900; 1200,"Blat postforming,  jednostronnie lub dwustronnie zaoblony",,38,1_2,Juan,,"PLN 92,09","PLN 188,11","PLN 195,89","PLN 203,68","PLN 226,42","PLN 151,99","PLN 191,22","PLN 199,20","PLN 207,18","PLN 202,65","https://qr-codes-page.vercel.app/product/recH6LngvlLALYg6k, J_5177_MATT_3050_4200_38"
recupPebkM9yNpCWC,J_5187_MATT_3050_4200_38,5187,MATT,MARMUR EFEZNOWOŚĆ,https://qr-codes-page.vercel.app/product/recupPebkM9yNpCWC,Blat,"600: możliwość kupna połowy blatu.
Pozostałe wartianty sprzedawane w całości.",J,3050; 4200,600; 700; 800; 900; 1200,"Blat postforming,  jednostronnie lub dwustronnie zaoblony",,38,1_2,Juan,,"PLN 92,09","PLN 188,11","PLN 195,89","PLN 203,68","PLN 226,42","PLN 151,99","PLN 191,22","PLN 199,20","PLN 207,18","PLN 202,65","https://qr-codes-page.vercel.app/product/recupPebkM9yNpCWC, J_5187_MATT_3050_4200_38"
recQdVmm8o6lfk6lT,J_5162_P_3050_38,5162,P,MARMUR SZARY,https://qr-codes-page.vercel.app/product/recQdVmm8o6lfk6lT,Blat,"600: możliwość kupna połowy blatu.
Pozostałe wartianty sprzedawane w całości.",J,3050,600; 700; 800; 900; 1200,"Blat postforming,  jednostronnie lub dwustronnie zaoblony",,38,1_2,Juan,,"PLN 92,09","PLN 188,11","PLN 195,89","PLN 203,68","PLN 226,42","PLN 151,99","PLN 191,22","PLN 199,20","PLN 207,18","PLN 202,65","https://qr-codes-page.vercel.app/product/recQdVmm8o6lfk6lT, J_5162_P_3050_38"
recnPnv7fOqfhm8LF,J_1365_SD_3050_38,1365,SD,ORZECH,https://qr-codes-page.vercel.app/product/recnPnv7fOqfhm8LF,Blat,"600: możliwość kupna połowy blatu.
Pozostałe wartianty sprzedawane w całości.",J,3050,600; 700; 800; 900; 1200,"Blat postforming,  jednostronnie lub dwustronnie zaoblony",,38,1_2,Juan,,"PLN 92,09","PLN 188,11","PLN 195,89","PLN 203,68","PLN 226,42","PLN 151,99","PLN 191,22","PLN 199,20","PLN 207,18","PLN 202,65","https://qr-codes-page.vercel.app/product/recnPnv7fOqfhm8LF, J_1365_SD_3050_38"
recS4rcH3WqXdt8R8,J_4950N_GR_3050_4200_38,4950N,GR,PIETRA,https://qr-codes-page.vercel.app/product/recS4rcH3WqXdt8R8,Blat,"600: możliwość kupna połowy blatu.
Pozostałe wartianty sprzedawane w całości.",J,3050; 4200,600; 700; 800; 900; 1200,"Blat postforming,  jednostronnie lub dwustronnie zaoblony",,38,1_2,Juan,,"PLN 92,09","PLN 188,11","PLN 195,89","PLN 203,68","PLN 226,42","PLN 151,99","PLN 191,22","PLN 199,20","PLN 207,18","PLN 202,65","https://qr-codes-page.vercel.app/product/recS4rcH3WqXdt8R8, J_4950N_GR_3050_4200_38"
recABeGIAjRKe4u8w,J_5526_SK_3050_4200_38,5526,SK,SANDR,https://qr-codes-page.vercel.app/product/recABeGIAjRKe4u8w,Blat,"600: możliwość kupna połowy blatu.
Pozostałe wartianty sprzedawane w całości.",J,3050; 4200,600; 700; 800; 900; 1200,"Blat postforming,  jednostronnie lub dwustronnie zaoblony",,38,1_2,Juan,,"PLN 92,09","PLN 188,11","PLN 195,89","PLN 203,68","PLN 226,42","PLN 151,99","PLN 191,22","PLN 199,20","PLN 207,18","PLN 202,65","https://qr-codes-page.vercel.app/product/recABeGIAjRKe4u8w, J_5526_SK_3050_4200_38"
recCkuXLFLNvogN9g,J_8937_GR_3050_4200_38,8937,GR,SNOWLAND,https://qr-codes-page.vercel.app/product/recCkuXLFLNvogN9g,Blat,"600: możliwość kupna połowy blatu.
Pozostałe wartianty sprzedawane w całości.",J,3050; 4200,600; 700; 800; 900; 1200,"Blat postforming,  jednostronnie lub dwustronnie zaoblony",,38,1_2,Juan,,"PLN 92,09","PLN 188,11","PLN 195,89","PLN 203,68","PLN 226,42","PLN 151,99","PLN 191,22","PLN 199,20","PLN 207,18","PLN 202,65","https://qr-codes-page.vercel.app/product/recCkuXLFLNvogN9g, J_8937_GR_3050_4200_38"
recSPSrW1OmEE8TAr,J_1401_ST22_3050_4200_38,1401,ST22,SOSNA CASCINA,https://qr-codes-page.vercel.app/product/recSPSrW1OmEE8TAr,Blat,"600: możliwość kupna połowy blatu.
Pozostałe wartianty sprzedawane w całości.",J,3050; 4200,600; 700; 800; 900; 1200,"Blat postforming,  jednostronnie lub dwustronnie zaoblony",,38,1_2,Juan,,"PLN 92,09","PLN 188,11","PLN 195,89","PLN 203,68","PLN 226,42","PLN 151,99","PLN 191,22","PLN 199,20","PLN 207,18","PLN 202,65","https://qr-codes-page.vercel.app/product/recSPSrW1OmEE8TAr, J_1401_ST22_3050_4200_38"
recLvs1YBRnWU8598,J_1011_MOON_3050_4200_38,1011,MOON,SZARY KSIĘŻYCOWY,https://qr-codes-page.vercel.app/product/recLvs1YBRnWU8598,Blat,"600: możliwość kupna połowy blatu.
Pozostałe wartianty sprzedawane w całości.",J,3050; 4200,600; 700; 800; 900; 1200,"Blat postforming,  jednostronnie lub dwustronnie zaoblony",,38,1_2,Juan,,"PLN 92,09","PLN 188,11","PLN 195,89","PLN 203,68","PLN 226,42","PLN 151,99","PLN 191,22","PLN 199,20","PLN 207,18","PLN 202,65","https://qr-codes-page.vercel.app/product/recLvs1YBRnWU8598, J_1011_MOON_3050_4200_38"
reczLmbVcqIMFcjt9,J_580_GR_3050_4200_38,580,GR,TRAWERTYN,https://qr-codes-page.vercel.app/product/reczLmbVcqIMFcjt9,Blat,"600: możliwość kupna połowy blatu.
Pozostałe wartianty sprzedawane w całości.",J,3050; 4200,600; 700; 800; 900; 1200,"Blat postforming,  jednostronnie lub dwustronnie zaoblony",,38,1_2,Juan,,"PLN 92,09","PLN 188,11","PLN 195,89","PLN 203,68","PLN 226,42","PLN 151,99","PLN 191,22","PLN 199,20","PLN 207,18","PLN 202,65","https://qr-codes-page.vercel.app/product/reczLmbVcqIMFcjt9, J_580_GR_3050_4200_38"
recVVEFhPJu1d8pD2,J_241_ST87_3050_4200_38,241,ST87,BETON SANTURO,https://qr-codes-page.vercel.app/product/recVVEFhPJu1d8pD2,Blat,"600: możliwość kupna połowy blatu.
Pozostałe wartianty sprzedawane w całości.",J,3050; 4200,600; 700; 800; 900; 1200,"Blat postforming,  jednostronnie lub dwustronnie zaoblony",,38,1_2,Juan,,"PLN 94,49","PLN 193,53","PLN 201,33","PLN 209,11","PLN 231,86","PLN 154,71","PLN 196,65","PLN 204,63","PLN 212,61","PLN 207,88","https://qr-codes-page.vercel.app/product/recVVEFhPJu1d8pD2, J_241_ST87_3050_4200_38"
rec84hn7h8SnuiJgl,J_1049_MOON_3050_4200_38,1049,MOON,CZARNY KSIĘŻYCOWY,https://qr-codes-page.vercel.app/product/rec84hn7h8SnuiJgl,Blat,"600: możliwość kupna połowy blatu.
Pozostałe wartianty sprzedawane w całości.",J,3050; 4200,600; 700; 800; 900; 1200,"Blat postforming,  jednostronnie lub dwustronnie zaoblony",,38,1_2,Juan,,"PLN 94,49","PLN 193,53","PLN 201,33","PLN 209,11","PLN 231,86","PLN 154,71","PLN 196,65","PLN 204,63","PLN 212,61","PLN 207,88","https://qr-codes-page.vercel.app/product/rec84hn7h8SnuiJgl, J_1049_MOON_3050_4200_38"
rec0paT8F3pPphRUH,J_6832_BW_3050_38,6832,BW,DĄB ANASTASIA,https://qr-codes-page.vercel.app/product/rec0paT8F3pPphRUH,Blat,"600: możliwość kupna połowy blatu.
Pozostałe wartianty sprzedawane w całości.",J,3050,600; 700; 800; 900; 1200,"Blat postforming,  jednostronnie lub dwustronnie zaoblony",,38,1_2,Juan,,"PLN 94,49","PLN 193,53","PLN 201,33","PLN 209,11","PLN 231,86","PLN 154,71","PLN 196,65","PLN 204,63","PLN 212,61","PLN 207,88","https://qr-codes-page.vercel.app/product/rec0paT8F3pPphRUH, J_6832_BW_3050_38"
recD0y2aLYEHxQHO9,J_6263_FUN_3050_4200_38,6263,FUN,DĄB SALERNO,https://qr-codes-page.vercel.app/product/recD0y2aLYEHxQHO9,Blat,"600: możliwość kupna połowy blatu.
Pozostałe wartianty sprzedawane w całości.",J,3050; 4200,600; 700; 800; 900; 1200,"Blat postforming,  jednostronnie lub dwustronnie zaoblony",,38,1_2,Juan,,"PLN 94,49","PLN 193,53","PLN 201,33","PLN 209,11","PLN 231,86","PLN 154,71","PLN 196,65","PLN 204,63","PLN 212,61","PLN 207,88","https://qr-codes-page.vercel.app/product/recD0y2aLYEHxQHO9, J_6263_FUN_3050_4200_38"
recman54EdkQS0BdE,J_6280_FUN_3050_4200_38,6280,FUN,DĄB SANCTUARIUM,https://qr-codes-page.vercel.app/product/recman54EdkQS0BdE,Blat,"600: możliwość kupna połowy blatu.
Pozostałe wartianty sprzedawane w całości.",J,3050; 4200,600; 700; 800; 900; 1200,"Blat postforming,  jednostronnie lub dwustronnie zaoblony",,38,1_2,Juan,,"PLN 94,49","PLN 193,53","PLN 201,33","PLN 209,11","PLN 231,86","PLN 154,71","PLN 196,65","PLN 204,63","PLN 212,61","PLN 207,88","https://qr-codes-page.vercel.app/product/recman54EdkQS0BdE, J_6280_FUN_3050_4200_38"
recnH6YWjqWpUVZO1,J_256_ST87_3050_4200_38,256,ST87,ŁUPEK,https://qr-codes-page.vercel.app/product/recnH6YWjqWpUVZO1,Blat,"600: możliwość kupna połowy blatu.
Pozostałe wartianty sprzedawane w całości.",J,3050; 4200,600; 700; 800; 900; 1200,"Blat postforming,  jednostronnie lub dwustronnie zaoblony",,38,1_2,Juan,,"PLN 94,49","PLN 193,53","PLN 201,33","PLN 209,11","PLN 231,86","PLN 154,71","PLN 196,65","PLN 204,63","PLN 212,61","PLN 207,88","https://qr-codes-page.vercel.app/product/recnH6YWjqWpUVZO1, J_256_ST87_3050_4200_38"
recK3kwyWQxlGoOYv,J_5057_MOON_3050_38,5057,MOON,MARMUR CASTILLA,https://qr-codes-page.vercel.app/product/recK3kwyWQxlGoOYv,Blat,"600: możliwość kupna połowy blatu.
Pozostałe wartianty sprzedawane w całości.",J,3050,600; 700; 800; 900; 1200,"Blat postforming,  jednostronnie lub dwustronnie zaoblony",,38,1_2,Juan,,"PLN 94,49","PLN 193,53","PLN 201,33","PLN 209,11","PLN 231,86","PLN 154,71","PLN 196,65","PLN 204,63","PLN 212,61","PLN 207,88","https://qr-codes-page.vercel.app/product/recK3kwyWQxlGoOYv, J_5057_MOON_3050_38"
recmS05ijyArmc0ej,J_202_MG_3050_4200_38,202,MG,MARMUR CZARNY,https://qr-codes-page.vercel.app/product/recmS05ijyArmc0ej,Blat,"600: możliwość kupna połowy blatu.
Pozostałe wartianty sprzedawane w całości.",J,3050; 4200,600; 700; 800; 900; 1200,"Blat postforming,  jednostronnie lub dwustronnie zaoblony",,38,1_2,Juan,,"PLN 94,49","PLN 193,53","PLN 201,33","PLN 209,11","PLN 231,86","PLN 154,71","PLN 196,65","PLN 204,63","PLN 212,61","PLN 207,88","https://qr-codes-page.vercel.app/product/recmS05ijyArmc0ej, J_202_MG_3050_4200_38"
recT7fnHm82E9wcVr,J_461_ST10_3050_4200_38,461,ST10,METAL ANTRACYTOWY,https://qr-codes-page.vercel.app/product/recT7fnHm82E9wcVr,Blat,"600: możliwość kupna połowy blatu.
Pozostałe wartianty sprzedawane w całości.",J,3050; 4200,600; 700; 800; 900; 1200,"Blat postforming,  jednostronnie lub dwustronnie zaoblony",,38,1_2,Juan,,"PLN 94,49","PLN 193,53","PLN 201,33","PLN 209,11","PLN 231,86","PLN 154,71","PLN 196,65","PLN 204,63","PLN 212,61","PLN 207,88","https://qr-codes-page.vercel.app/product/recT7fnHm82E9wcVr, J_461_ST10_3050_4200_38"
recssNH1mgwwpsusw,J_221_ST87_3050_4200_38,221,ST87,TESSINA KREM,https://qr-codes-page.vercel.app/product/recssNH1mgwwpsusw,Blat,"600: możliwość kupna połowy blatu.
Pozostałe wartianty sprzedawane w całości.",J,3050; 4200,600; 700; 800; 900; 1200,"Blat postforming,  jednostronnie lub dwustronnie zaoblony",,38,1_2,Juan,,"PLN 94,49","PLN 193,53","PLN 201,33","PLN 209,11","PLN 231,86","PLN 154,71","PLN 196,65","PLN 204,63","PLN 212,61","PLN 207,88","https://qr-codes-page.vercel.app/product/recssNH1mgwwpsusw, J_221_ST87_3050_4200_38"
recA2ISQCnhAldCfT,J_6309_FUN_3050_38,6309,FUN,ZŁOTE DREWNO,https://qr-codes-page.vercel.app/product/recA2ISQCnhAldCfT,Blat,"600: możliwość kupna połowy blatu.
Pozostałe wartianty sprzedawane w całości.",J,3050,600; 700; 800; 900; 1200,"Blat postforming,  jednostronnie lub dwustronnie zaoblony",,38,1_2,Juan,,"PLN 94,49","PLN 193,53","PLN 201,33","PLN 209,11","PLN 231,86","PLN 154,71","PLN 196,65","PLN 204,63","PLN 212,61","PLN 207,88","https://qr-codes-page.vercel.app/product/recA2ISQCnhAldCfT, J_6309_FUN_3050_38"
recpHnu8NYrYhNzMP,J_9999_P_3050_38,9999,P,ALHAMBRA,https://qr-codes-page.vercel.app/product/recpHnu8NYrYhNzMP,Blat,"600: możliwość kupna połowy blatu.
Pozostałe wartianty sprzedawane w całości.",J,3050,600; 700; 800; 900; 1200,"Blat postforming,  jednostronnie lub dwustronnie zaoblony",,38,1_2,Juan,,"PLN 98,46","PLN 205,91","PLN 213,70","PLN 221,50","PLN 244,24","PLN 160,89","PLN 209,03","PLN 217,00","PLN 224,98","PLN 218,59","https://qr-codes-page.vercel.app/product/recpHnu8NYrYhNzMP, J_9999_P_3050_38"
rec5qPJjOhckrzUnC,J_274_MG_3050_4200_38,274,MG,BETON JASNY,https://qr-codes-page.vercel.app/product/rec5qPJjOhckrzUnC,Blat,"600: możliwość kupna połowy blatu.
Pozostałe wartianty sprzedawane w całości.",J,3050; 4200,600; 700; 800; 900; 1200,"Blat postforming,  jednostronnie lub dwustronnie zaoblony",,38,1_2,Juan,,"PLN 98,46","PLN 205,91","PLN 213,70","PLN 221,50","PLN 244,24","PLN 160,89","PLN 209,03","PLN 217,00","PLN 224,98","PLN 218,59","https://qr-codes-page.vercel.app/product/rec5qPJjOhckrzUnC, J_274_MG_3050_4200_38"
recP7Hvvdafxezryy,J_2810_SK_3050_38,2810,SK,BETON TAIGA,https://qr-codes-page.vercel.app/product/recP7Hvvdafxezryy,Blat,"600: możliwość kupna połowy blatu.
Pozostałe wartianty sprzedawane w całości.",J,3050,600; 700; 800; 900; 1200,"Blat postforming,  jednostronnie lub dwustronnie zaoblony",,38,1_2,Juan,,"PLN 98,46","PLN 205,91","PLN 213,70","PLN 221,50","PLN 244,24","PLN 160,89","PLN 209,03","PLN 217,00","PLN 224,98","PLN 218,59","https://qr-codes-page.vercel.app/product/recP7Hvvdafxezryy, J_2810_SK_3050_38"
recqzRQAf6bhRSsNB,J_4100_P_3050_4200_38,4100,P,BIAŁY,https://qr-codes-page.vercel.app/product/recqzRQAf6bhRSsNB,Blat,"600: możliwość kupna połowy blatu.
Pozostałe wartianty sprzedawane w całości.",J,3050; 4200,600; 700; 800; 900; 1200,"Blat postforming,  jednostronnie lub dwustronnie zaoblony",,38,1_2,Juan,,"PLN 98,46","PLN 205,91","PLN 213,70","PLN 221,50","PLN 244,24","PLN 160,89","PLN 209,03","PLN 217,00","PLN 224,98","PLN 218,59","https://qr-codes-page.vercel.app/product/recqzRQAf6bhRSsNB, J_4100_P_3050_4200_38"
recZrN2JIUKXHftTt,J_8681_P_3050_4200_38,8681,P,BIAŁY BRYLANTOWY,https://qr-codes-page.vercel.app/product/recZrN2JIUKXHftTt,Blat,"600: możliwość kupna połowy blatu.
Pozostałe wartianty sprzedawane w całości.",J,3050; 4200,600; 700; 800; 900; 1200,"Blat postforming,  jednostronnie lub dwustronnie zaoblony",,38,1_2,Juan,,"PLN 98,46","PLN 205,91","PLN 213,70","PLN 221,50","PLN 244,24","PLN 160,89","PLN 209,03","PLN 217,00","PLN 224,98","PLN 218,59","https://qr-codes-page.vercel.app/product/recZrN2JIUKXHftTt, J_8681_P_3050_4200_38"
recGJ2BQqv8ZkZg0X,J_999_ST89_3050_4200_38,999,ST89,CZARNY,https://qr-codes-page.vercel.app/product/recGJ2BQqv8ZkZg0X,Blat,"600: możliwość kupna połowy blatu.
Pozostałe wartianty sprzedawane w całości.",J,3050; 4200,600; 700; 800; 900; 1200,"Blat postforming,  jednostronnie lub dwustronnie zaoblony",,38,1_2,Juan,,"PLN 98,46","PLN 205,91","PLN 213,70","PLN 221,50","PLN 244,24","PLN 160,89","PLN 209,03","PLN 217,00","PLN 224,98","PLN 218,59","https://qr-codes-page.vercel.app/product/recGJ2BQqv8ZkZg0X, J_999_ST89_3050_4200_38"
recVfA59L45yoKoXP,J_6287_FUN_3050_38,6287,FUN,DĄB DZIKI,https://qr-codes-page.vercel.app/product/recVfA59L45yoKoXP,Blat,"600: możliwość kupna połowy blatu.
Pozostałe wartianty sprzedawane w całości.",J,3050,600; 700; 800; 900; 1200,"Blat postforming,  jednostronnie lub dwustronnie zaoblony",,38,1_2,Juan,,"PLN 98,46","PLN 205,91","PLN 213,70","PLN 221,50","PLN 244,24","PLN 160,89","PLN 209,03","PLN 217,00","PLN 224,98","PLN 218,59","https://qr-codes-page.vercel.app/product/recVfA59L45yoKoXP, J_6287_FUN_3050_38"
recVGRto8ckgpWEh5,J_6205_FUN_3050_4200_38,6205,FUN,DĄB LOCKSLEY,https://qr-codes-page.vercel.app/product/recVGRto8ckgpWEh5,Blat,"600: możliwość kupna połowy blatu.
Pozostałe wartianty sprzedawane w całości.",J,3050; 4200,600; 700; 800; 900; 1200,"Blat postforming,  jednostronnie lub dwustronnie zaoblony",,38,1_2,Juan,,"PLN 98,46","PLN 205,91","PLN 213,70","PLN 221,50","PLN 244,24","PLN 160,89","PLN 209,03","PLN 217,00","PLN 224,98","PLN 218,59","https://qr-codes-page.vercel.app/product/recVGRto8ckgpWEh5, J_6205_FUN_3050_4200_38"
recCdFLduWLAkmyaL,J_3157_ST19_3050_4200_38,3157,ST19,DĄB VINCENZA,https://qr-codes-page.vercel.app/product/recCdFLduWLAkmyaL,Blat,"600: możliwość kupna połowy blatu.
Pozostałe wartianty sprzedawane w całości.",J,3050; 4200,600; 700; 800; 900; 1200,"Blat postforming,  jednostronnie lub dwustronnie zaoblony",,38,1_2,Juan,,"PLN 98,46","PLN 205,91","PLN 213,70","PLN 221,50","PLN 244,24","PLN 160,89","PLN 209,03","PLN 217,00","PLN 224,98","PLN 218,59","https://qr-codes-page.vercel.app/product/recCdFLduWLAkmyaL, J_3157_ST19_3050_4200_38"
recNdzleBasRaMEnZ,J_5568_P_3050_38,5568,P,EVEREST,https://qr-codes-page.vercel.app/product/recNdzleBasRaMEnZ,Blat,"600: możliwość kupna połowy blatu.
Pozostałe wartianty sprzedawane w całości.",J,3050,600; 700; 800; 900; 1200,"Blat postforming,  jednostronnie lub dwustronnie zaoblony",,38,1_2,Juan,,"PLN 98,46","PLN 205,91","PLN 213,70","PLN 221,50","PLN 244,24","PLN 160,89","PLN 209,03","PLN 217,00","PLN 224,98","PLN 218,59","https://qr-codes-page.vercel.app/product/recNdzleBasRaMEnZ, J_5568_P_3050_38"
recWGYy9tuK3BXVbd,J_113_ST75_3050_4200_38,113,ST75,MARMUR SAHARA,https://qr-codes-page.vercel.app/product/recWGYy9tuK3BXVbd,Blat,"600: możliwość kupna połowy blatu.
Pozostałe wartianty sprzedawane w całości.",J,3050; 4200,600; 700; 800; 900; 1200,"Blat postforming,  jednostronnie lub dwustronnie zaoblony",,38,1_2,Juan,,"PLN 98,46","PLN 205,91","PLN 213,70","PLN 221,50","PLN 244,24","PLN 160,89","PLN 209,03","PLN 217,00","PLN 224,98","PLN 218,59","https://qr-codes-page.vercel.app/product/recWGYy9tuK3BXVbd, J_113_ST75_3050_4200_38"
rec75kGiYlC3gLuU8,J_963_ST9_3050_4200_38,963,ST9,SZARY DIAMENTOWY,https://qr-codes-page.vercel.app/product/rec75kGiYlC3gLuU8,Blat,"600: możliwość kupna połowy blatu.
Pozostałe wartianty sprzedawane w całości.",J,3050; 4200,600; 700; 800; 900; 1200,"Blat postforming,  jednostronnie lub dwustronnie zaoblony",,38,1_2,Juan,,"PLN 98,46","PLN 205,91","PLN 213,70","PLN 221,50","PLN 244,24","PLN 160,89","PLN 209,03","PLN 217,00","PLN 224,98","PLN 218,59","https://qr-codes-page.vercel.app/product/rec75kGiYlC3gLuU8, J_963_ST9_3050_4200_38"
recuaQLjJ8Of37bZz,J_2699_GR_3050_38,2699,GR,GRANIT CZARNY,https://qr-codes-page.vercel.app/product/recuaQLjJ8Of37bZz,Blat,"600: możliwość kupna połowy blatu.
Pozostałe wartianty sprzedawane w całości.",J,3050,600; 700; 800; 900; 1200,"Blat postforming,  jednostronnie lub dwustronnie zaoblony",,38,1_2,Juan,,"PLN 101,11","PLN 211,43","PLN 219,23","PLN 227,01","PLN 249,76","PLN 163,65","PLN 214,55","PLN 222,53","PLN 230,51","PLN 222,43","https://qr-codes-page.vercel.app/product/recuaQLjJ8Of37bZz, J_2699_GR_3050_38"
reczKwVHPqwXftlU8,J_7732_AET_3050_38,7732,AET,GRANIT MIODOWY,https://qr-codes-page.vercel.app/product/reczKwVHPqwXftlU8,Blat,"600: możliwość kupna połowy blatu.
Pozostałe wartianty sprzedawane w całości.",J,3050,600; 700; 800; 900; 1200,"Blat postforming,  jednostronnie lub dwustronnie zaoblony",,38,1_2,Juan,,"PLN 101,11","PLN 211,43","PLN 219,23","PLN 227,01","PLN 249,76","PLN 163,65","PLN 214,55","PLN 222,53","PLN 230,51","PLN 222,43","https://qr-codes-page.vercel.app/product/reczKwVHPqwXftlU8, J_7732_AET_3050_38"
rec3WWs29PAzsqRxC,J_F200_ST76_3050_4200_38,F200,ST76,MARMUR CUPRIANOWOŚĆ,https://qr-codes-page.vercel.app/product/rec3WWs29PAzsqRxC,Blat,"600: możliwość kupna połowy blatu.
Pozostałe wartianty sprzedawane w całości.",J,3050; 4200,600; 700; 800; 900; 1200,"Blat postforming,  jednostronnie lub dwustronnie zaoblony",,38,1_2,Juan,,"PLN 101,11","PLN 211,43","PLN 219,23","PLN 227,01","PLN 249,76","PLN 163,65","PLN 214,55","PLN 222,53","PLN 230,51","PLN 222,43","https://qr-codes-page.vercel.app/product/rec3WWs29PAzsqRxC, J_F200_ST76_3050_4200_38"
recjgHPgg53AMGLDf,J_F7024_ST76_3050_4200_38,F7024,ST76,MARMUR CASPIO JASNYNOWOŚĆ,https://qr-codes-page.vercel.app/product/recjgHPgg53AMGLDf,Blat,"600: możliwość kupna połowy blatu.
Pozostałe wartianty sprzedawane w całości.",J,3050; 4200,600; 700; 800; 900; 1200,"Blat postforming,  jednostronnie lub dwustronnie zaoblony",,38,1_2,Juan,,"PLN 101,11","PLN 211,43","PLN 219,23","PLN 227,01","PLN 249,76","PLN 163,65","PLN 214,55","PLN 222,53","PLN 230,51","PLN 222,43","https://qr-codes-page.vercel.app/product/recjgHPgg53AMGLDf, J_F7024_ST76_3050_4200_38"
recEu6YQgi0DDHOUI,J_F7025_ST76_3050_4200_38,F7025,ST76,MARMUR CASPIO SZARYNOWOŚĆ,https://qr-codes-page.vercel.app/product/recEu6YQgi0DDHOUI,Blat,"600: możliwość kupna połowy blatu.
Pozostałe wartianty sprzedawane w całości.",J,3050; 4200,600; 700; 800; 900; 1200,"Blat postforming,  jednostronnie lub dwustronnie zaoblony",,38,1_2,Juan,,"PLN 101,11","PLN 211,43","PLN 219,23","PLN 227,01","PLN 249,76","PLN 163,65","PLN 214,55","PLN 222,53","PLN 230,51","PLN 222,43","https://qr-codes-page.vercel.app/product/recEu6YQgi0DDHOUI, J_F7025_ST76_3050_4200_38"
recERxK7gvQTZFmvm,J_5090 (990P)_P_3050_38,5090 (990P),P,MARMUR CREAM CARRARANOWOŚĆ,https://qr-codes-page.vercel.app/product/recERxK7gvQTZFmvm,Blat,"600: możliwość kupna połowy blatu.
Pozostałe wartianty sprzedawane w całości.",J,3050,600; 700; 800; 900; 1200,"Blat postforming,  jednostronnie lub dwustronnie zaoblony",,38,1_2,Juan,,"PLN 101,11","PLN 211,43","PLN 219,23","PLN 227,01","PLN 249,76","PLN 163,65","PLN 214,55","PLN 222,53","PLN 230,51","PLN 222,43","https://qr-codes-page.vercel.app/product/recERxK7gvQTZFmvm, J_5090 (990P)_P_3050_38"
recd3ZKzPW41ghBaw,J_580_P_3050_4200_38,580,P,TRAWERTYN,https://qr-codes-page.vercel.app/product/recd3ZKzPW41ghBaw,Blat,"600: możliwość kupna połowy blatu.
Pozostałe wartianty sprzedawane w całości.",J,3050; 4200,600; 700; 800; 900; 1200,"Blat postforming,  jednostronnie lub dwustronnie zaoblony",,38,1_2,Juan,,"PLN 101,11","PLN 211,43","PLN 219,23","PLN 227,01","PLN 249,76","PLN 163,65","PLN 214,55","PLN 222,53","PLN 230,51","PLN 222,43","https://qr-codes-page.vercel.app/product/recd3ZKzPW41ghBaw, J_580_P_3050_4200_38"
recpJu6GtP1r2aQ5I,J_6254_RW_3050_38,6254,RW,AMBER,https://qr-codes-page.vercel.app/product/recpJu6GtP1r2aQ5I,Blat,"600: możliwość kupna połowy blatu.
Pozostałe wartianty sprzedawane w całości.",J,3050,600; 700; 800; 900; 1200,"Blat postforming,  jednostronnie lub dwustronnie zaoblony",,38,1_2,Juan,,"PLN 110,38","PLN 233,60","PLN 241,39","PLN 249,18","PLN 271,93","PLN 174,74","PLN 236,71","PLN 244,69","PLN 252,67","PLN 242,88","https://qr-codes-page.vercel.app/product/recpJu6GtP1r2aQ5I, J_6254_RW_3050_38"
recqGastVNurIDP1b,J_6227_RW_3050_38,6227,RW,GRANIT JANTAR,https://qr-codes-page.vercel.app/product/recqGastVNurIDP1b,Blat,"600: możliwość kupna połowy blatu.
Pozostałe wartianty sprzedawane w całości.",J,3050,600; 700; 800; 900; 1200,"Blat postforming,  jednostronnie lub dwustronnie zaoblony",,38,1_2,Juan,,"PLN 110,38","PLN 233,60","PLN 241,39","PLN 249,18","PLN 271,93","PLN 174,74","PLN 236,71","PLN 244,69","PLN 252,67","PLN 242,88","https://qr-codes-page.vercel.app/product/recqGastVNurIDP1b, J_6227_RW_3050_38"
rec9JfrTtevKjxjb9,J_5544_P_3050_38,5544,P,MARMUR CZARNY,https://qr-codes-page.vercel.app/product/rec9JfrTtevKjxjb9,Blat,"600: możliwość kupna połowy blatu.
Pozostałe wartianty sprzedawane w całości.",J,3050,600; 700; 800; 900; 1200,"Blat postforming,  jednostronnie lub dwustronnie zaoblony",,38,1_2,Juan,,"PLN 110,38","PLN 233,60","PLN 241,39","PLN 249,18","PLN 271,93","PLN 174,74","PLN 236,71","PLN 244,69","PLN 252,67","PLN 242,88","https://qr-codes-page.vercel.app/product/rec9JfrTtevKjxjb9, J_5544_P_3050_38"
recLm1sffJUfwsTDk,J_2273_STU_3050_38,2273,STU,MARMUR YANG,https://qr-codes-page.vercel.app/product/recLm1sffJUfwsTDk,Blat,"600: możliwość kupna połowy blatu.
Pozostałe wartianty sprzedawane w całości.",J,3050,600; 700; 800; 900; 1200,"Blat postforming,  jednostronnie lub dwustronnie zaoblony",,38,1_2,Juan,,"PLN 110,38","PLN 233,60","PLN 241,39","PLN 249,18","PLN 271,93","PLN 174,74","PLN 236,71","PLN 244,69","PLN 252,67","PLN 242,88","https://qr-codes-page.vercel.app/product/recLm1sffJUfwsTDk, J_2273_STU_3050_38"
recESEDOwoK7pNEKT,J_2272_STU_3050_38,2272,STU,MARMUR YIN,https://qr-codes-page.vercel.app/product/recESEDOwoK7pNEKT,Blat,"600: możliwość kupna połowy blatu.
Pozostałe wartianty sprzedawane w całości.",J,3050,600; 700; 800; 900; 1200,"Blat postforming,  jednostronnie lub dwustronnie zaoblony",,38,1_2,Juan,,"PLN 110,38","PLN 233,60","PLN 241,39","PLN 249,18","PLN 271,93","PLN 174,74","PLN 236,71","PLN 244,69","PLN 252,67","PLN 242,88","https://qr-codes-page.vercel.app/product/recESEDOwoK7pNEKT, J_2272_STU_3050_38"
recT9x67Fp2dSXOWl,J_5546_P_3050_38,5546,P,SALAMANCA,https://qr-codes-page.vercel.app/product/recT9x67Fp2dSXOWl,Blat,"600: możliwość kupna połowy blatu.
Pozostałe wartianty sprzedawane w całości.",J,3050,600; 700; 800; 900; 1200,"Blat postforming,  jednostronnie lub dwustronnie zaoblony",,38,1_2,Juan,,"PLN 110,38","PLN 233,60","PLN 241,39","PLN 249,18","PLN 271,93","PLN 174,74","PLN 236,71","PLN 244,69","PLN 252,67","PLN 242,88","https://qr-codes-page.vercel.app/product/recT9x67Fp2dSXOWl, J_5546_P_3050_38"
recuCFADC5HofvLjp,J_2279_STU_3050_38,2279,STU,SREBRNE PALAZIO,https://qr-codes-page.vercel.app/product/recuCFADC5HofvLjp,Blat,"600: możliwość kupna połowy blatu.
Pozostałe wartianty sprzedawane w całości.",J,3050,600; 700; 800; 900; 1200,"Blat postforming,  jednostronnie lub dwustronnie zaoblony",,38,1_2,Juan,,"PLN 110,38","PLN 233,60","PLN 241,39","PLN 249,18","PLN 271,93","PLN 174,74","PLN 236,71","PLN 244,69","PLN 252,67","PLN 242,88","https://qr-codes-page.vercel.app/product/recuCFADC5HofvLjp, J_2279_STU_3050_38"
recYT6WWRGTvelHxb,J_101_P_3050_38,101,P,ANDROMEDA PORCELANOWA,https://qr-codes-page.vercel.app/product/recYT6WWRGTvelHxb,Blat,"600: możliwość kupna połowy blatu.
Pozostałe wartianty sprzedawane w całości.",J,3050,600; 700; 800; 900; 1200,"Blat postforming,  jednostronnie lub dwustronnie zaoblony",,38,1_2,Juan,,"PLN 114,90","PLN 254,58","PLN 262,38","PLN 270,16","PLN 292,91","PLN 185,23","PLN 257,70","PLN 265,68","PLN 273,65","PLN 255,82","https://qr-codes-page.vercel.app/product/recYT6WWRGTvelHxb, J_101_P_3050_38"
rechnY9YQP1AA9un6,J_190W_P_3050_38,190W,P,ANDROMEDA CZARNA,https://qr-codes-page.vercel.app/product/rechnY9YQP1AA9un6,Blat,"600: możliwość kupna połowy blatu.
Pozostałe wartianty sprzedawane w całości.",J,3050,600; 700; 800; 900; 1200,"Blat postforming,  jednostronnie lub dwustronnie zaoblony",,38,1_2,Juan,,"PLN 114,90","PLN 254,58","PLN 262,38","PLN 270,16","PLN 292,91","PLN 185,23","PLN 257,70","PLN 265,68","PLN 273,65","PLN 255,82","https://qr-codes-page.vercel.app/product/rechnY9YQP1AA9un6, J_190W_P_3050_38"
recCKVQHwak4mj6Go,J_8830_CER_3050_38,8830,CER,BETON ELEMENTAL,https://qr-codes-page.vercel.app/product/recCKVQHwak4mj6Go,Blat,"600: możliwość kupna połowy blatu.
Pozostałe wartianty sprzedawane w całości.",J,3050,600; 700; 800; 900; 1200,"Blat postforming,  jednostronnie lub dwustronnie zaoblony",,38,1_2,Juan,,"PLN 114,90","PLN 254,58","PLN 262,38","PLN 270,16","PLN 292,91","PLN 185,23","PLN 257,70","PLN 265,68","PLN 273,65","PLN 255,82","https://qr-codes-page.vercel.app/product/recCKVQHwak4mj6Go, J_8830_CER_3050_38"
recmkxVQzJ8Q5iKTN,J_3421_P_3050_38,3421,P,BIANCA LUNA,https://qr-codes-page.vercel.app/product/recmkxVQzJ8Q5iKTN,Blat,"600: możliwość kupna połowy blatu.
Pozostałe wartianty sprzedawane w całości.",J,3050,600; 700; 800; 900; 1200,"Blat postforming,  jednostronnie lub dwustronnie zaoblony",,38,1_2,Juan,,"PLN 114,90","PLN 254,58","PLN 262,38","PLN 270,16","PLN 292,91","PLN 185,23","PLN 257,70","PLN 265,68","PLN 273,65","PLN 255,82","https://qr-codes-page.vercel.app/product/recmkxVQzJ8Q5iKTN, J_3421_P_3050_38"
recIjD0SJaMeCYVuy,J_8833_CER_3050_38,8833,CER,GRAFIT ELEMENTAL,https://qr-codes-page.vercel.app/product/recIjD0SJaMeCYVuy,Blat,"600: możliwość kupna połowy blatu.
Pozostałe wartianty sprzedawane w całości.",J,3050,600; 700; 800; 900; 1200,"Blat postforming,  jednostronnie lub dwustronnie zaoblony",,38,1_2,Juan,,"PLN 114,90","PLN 254,58","PLN 262,38","PLN 270,16","PLN 292,91","PLN 185,23","PLN 257,70","PLN 265,68","PLN 273,65","PLN 255,82","https://qr-codes-page.vercel.app/product/recIjD0SJaMeCYVuy, J_8833_CER_3050_38"
recFr1HcIUKU39oHD,J_9482_AET_3050_38,9482,AET,MARMUR CAPPUCINO,https://qr-codes-page.vercel.app/product/recFr1HcIUKU39oHD,Blat,"600: możliwość kupna połowy blatu.
Pozostałe wartianty sprzedawane w całości.",J,3050,600; 700; 800; 900; 1200,"Blat postforming,  jednostronnie lub dwustronnie zaoblony",,38,1_2,Juan,,"PLN 114,90","PLN 254,58","PLN 262,38","PLN 270,16","PLN 292,91","PLN 185,23","PLN 257,70","PLN 265,68","PLN 273,65","PLN 255,82","https://qr-codes-page.vercel.app/product/recFr1HcIUKU39oHD, J_9482_AET_3050_38"
recyO2cshCLoKWlfK,J_3010_P_3050_38,3010,P,GLITTER STONE,https://qr-codes-page.vercel.app/product/recyO2cshCLoKWlfK,Blat,"600: możliwość kupna połowy blatu.
Pozostałe wartianty sprzedawane w całości.",J,3050,600; 700; 800; 900; 1200,"Blat postforming,  jednostronnie lub dwustronnie zaoblony",,38,1_2,Juan,,"PLN 114,90","PLN 254,58","PLN 262,38","PLN 270,16","PLN 292,91","PLN 185,23","PLN 257,70","PLN 265,68","PLN 273,65","PLN 255,82","https://qr-codes-page.vercel.app/product/recyO2cshCLoKWlfK, J_3010_P_3050_38"
recEQo5pHPdLDSA0z,J_3450_RAD_3050_38,3450,RAD,MINERAL JET,https://qr-codes-page.vercel.app/product/recEQo5pHPdLDSA0z,Blat,"600: możliwość kupna połowy blatu.
Pozostałe wartianty sprzedawane w całości.",J,3050,600; 700; 800; 900; 1200,"Blat postforming,  jednostronnie lub dwustronnie zaoblony",,38,1_2,Juan,,"PLN 114,90","PLN 254,58","PLN 262,38","PLN 270,16","PLN 292,91","PLN 185,23","PLN 257,70","PLN 265,68","PLN 273,65","PLN 255,82","https://qr-codes-page.vercel.app/product/recEQo5pHPdLDSA0z, J_3450_RAD_3050_38"